{
  "model": "resnet50",
  "device": "mps",
  "techniques": {
    "dynamic_quantization": {
      "technique": "Dynamic Quantization (INT8, CPU)",
      "original": {
        "total_parameters": 23516228,
        "trainable_parameters": 23516228,
        "disk_size_mb": 90.00752925872803,
        "total_params_millions": 23.516228
      },
      "optimized": {
        "total_parameters": 23508032,
        "trainable_parameters": 23508032,
        "disk_size_mb": 89.9848279953003,
        "total_params_millions": 23.508032
      },
      "reduction": {
        "disk_size_percent": 0.025221516038374126,
        "parameters_percent": 0.034852528220087,
        "disk_size_mb_saved": 0.022701263427734375
      },
      "inference": {
        "device": "cpu",
        "input_shape": [
          1,
          3,
          224,
          224
        ],
        "num_runs": 100,
        "mean_latency_ms": 13.57678090000718,
        "median_latency_ms": 13.450604000126987,
        "min_latency_ms": 13.22241700017912,
        "max_latency_ms": 16.79266600012852,
        "stdev_latency_ms": 0.5279694842563109
      }
    },
    "structured_pruning": {
      "technique": "Structured Pruning (30%)",
      "original": {
        "total_parameters": 23516228,
        "trainable_parameters": 23516228,
        "disk_size_mb": 90.00752925872803,
        "total_params_millions": 23.516228
      },
      "optimized": {
        "total_parameters": 23516228,
        "trainable_parameters": 23516228,
        "disk_size_mb": 90.00752925872803,
        "total_params_millions": 23.516228
      },
      "reduction": {
        "disk_size_percent": 0.0,
        "parameters_percent": 0.0,
        "disk_size_mb_saved": 0.0
      },
      "inference": {
        "device": "cpu",
        "input_shape": [
          1,
          3,
          224,
          224
        ],
        "num_runs": 100,
        "mean_latency_ms": 13.43331625000701,
        "median_latency_ms": 13.376916499964864,
        "min_latency_ms": 13.128124999639113,
        "max_latency_ms": 16.80354099971737,
        "stdev_latency_ms": 0.39467175512304103
      }
    },
    "unstructured_pruning": {
      "technique": "Unstructured Pruning (20%)",
      "original": {
        "total_parameters": 23516228,
        "trainable_parameters": 23516228,
        "disk_size_mb": 90.00752925872803,
        "total_params_millions": 23.516228
      },
      "optimized": {
        "total_parameters": 23516228,
        "trainable_parameters": 23516228,
        "disk_size_mb": 90.00752925872803,
        "total_params_millions": 23.516228
      },
      "reduction": {
        "disk_size_percent": 0.0,
        "parameters_percent": 0.0,
        "disk_size_mb_saved": 0.0
      },
      "inference": {
        "device": "cpu",
        "input_shape": [
          1,
          3,
          224,
          224
        ],
        "num_runs": 100,
        "mean_latency_ms": 13.376995009994062,
        "median_latency_ms": 13.332812000271588,
        "min_latency_ms": 13.120458000230428,
        "max_latency_ms": 16.045750000103,
        "stdev_latency_ms": 0.36132318275842057
      }
    }
  },
  "inference_benchmarks": {},
  "baseline": {
    "size": {
      "total_parameters": 23516228,
      "trainable_parameters": 23516228,
      "disk_size_mb": 90.00752925872803,
      "total_params_millions": 23.516228
    },
    "inference": {
      "device": "mps",
      "input_shape": [
        1,
        3,
        224,
        224
      ],
      "num_runs": 100,
      "mean_latency_ms": 4.775329509984658,
      "median_latency_ms": 4.666207999889593,
      "min_latency_ms": 4.502290999880643,
      "max_latency_ms": 5.846499999734078,
      "stdev_latency_ms": 0.2839117825246668
    }
  },
  "recommendations": {
    "for_mobile": "Use dynamic quantization for mobile deployment (best size reduction with minimal latency increase)",
    "for_embedded": "Use structured pruning + quantization for memory-constrained devices",
    "for_cpu": "Unstructured pruning provides good speed-up on CPU",
    "for_inference": "Quantization has fastest inference, best for latency-sensitive apps"
  }
}